Month,Day,Holiday
1,1,National Bloody Mary Day
1,1,Polar Bear Swim Day
1,1,Commitment Day
1,1,Polar Bear Plunge Day
1,1,Bloody Mary Day
1,1,Copyright Law Day
1,1,Z Day
1,1,Euro Day
1,2,National Creampuff Day
1,2,World Introvert Day
1,2,Run It up the Flagpole and See If Anyone Salutes It Day
1,2,Science Fiction Day
1,2,55 mph Speed Limit Day
1,2,Motivation and Inspiration Day
1,2,Down syndrome awareness month
1,2,Buffet Day
1,2,Happy Mew Year Day For Cats
1,2,Creampuff Day
1,2,Personal Trainer Awareness Day
1,3,Drinking Straw Day
1,3,Fruitcake Toss Day
1,3,National Chocolate Covered Cherry Day
1,3,Festival of Sleep Day
1,3,Festival Of Sleep Day
1,3,Humiliation Day
1,3,Chocolate-Covered Cherry Day
1,4,World Braille Day
1,4,Hypnotism Day
1,4,Trivia Day
1,4,Spaghetti Day
1,4,Fruitcake Toss Day
1,4,Pop Music Chart Day
1,5,Whipped Cream Day
1,5,Bird Day
1,5,National Whipped Cream Day
1,6,Three Kings Day
1,6,Bean Day
1,6,Apple Tree Day
1,6,Shortbread Day
1,6,Cuddle Up Day
1,6,Weigh-In Day
1,7,Old Rock Day
1,7,I'm Not Going To Take It Anymore Day
1,7,Bobblehead Day
1,7,Harlem Globetrotter's Day
1,7,Tempura Day
1,8,Earths Rotation Day
1,8,Show & Tell At Work Day
1,8,Earth's Rotation Day
1,8,Bubble Bath Day
1,8,Joy Germ Day
1,8,Argyle Day
1,9,Word Nerd Day
1,9,Apricot Day
1,9,National Cassoulet Day
1,9,Balloon Ascension Day
1,9,Static Electricity Day
1,9,Law Enforcement Appreciation Day
1,9,Play God Day
1,10,Peculiar People Day
1,10,Cut Your Energy Costs Day
1,10,Bittersweet Chocolate Day
1,10,Houseplant Appreciation Day
1,11,Heritage Treasures Day
1,11,Learn Your Name in Morse Code Day
1,11,World Sketchnote Day
1,11,Step In A Puddle And Splash Your Friends Day
1,11,Hot Toddy Day
1,11,Milk Day
1,11,Learn Your Name In Morse Code Day
1,12,Kiss A Ginger Day
1,12,Marzipan Day
1,12,Pharmacist Day
1,13,Peach Melba Day
1,13,Clean Off Your Desk Day
1,13,Sticker Day
1,13,Public Radio Broadcasting Day
1,13,Make Your Dreams Come True Day
1,13,Make Your Dream Come True Day
1,13,Skeptics Day
1,13,Rubber Duckie Day
1,14,Poetry At Work Day
1,14,International Kite Day
1,14,Dress Up Your Pet Day
1,14,Organize Your Home Day
1,14,Hot Pastrami Sandwich Day
1,15,Hat Day
1,15,Pothole Day
1,15,National Strawberry Ice Cream Day
1,15,Strawberry Ice Cream Day
1,15,National Booch Day
1,15,Bagel Day
1,15,Museum Selfie Day
1,15,Bagel and Lox Day
1,16,Religious Freedom Day
1,16,Appreciate A Dragon Day
1,16,Women's Healthy Weight Day
1,16,International Hot and Spicy Food Day
1,16,Nothing Day
1,17,Ditch New Years Resolution Day
1,17,Benjamin Franklin Day
1,17,Kid Inventors' Day
1,17,Cable Car Day
1,17,Ditch New Year's Resolutions Day
1,17,Ditch New Year's Resolution Day
1,17,Kid Inventors Day
1,18,Soup Swap Day
1,18,Thesaurus Day
1,18,Winnie the Pooh Day
1,19,Religion Day
1,19,Popcorn Day
1,19,Tin Can Day
1,20,Soup Swap Day
1,20,Cheese Lovers Day
1,20,Down syndrome awareness month
1,20,Day of Acceptance
1,20,Penguin Awareness Day
1,20,Martin Luther King Day
1,20,Buttercrunch Day
1,20,Camcorder Day
1,20,Disc Jockey Day
1,21,Hugging Day
1,21,Playdate Day
1,21,International Sweatpants Day
1,21,Squirrel Appreciation Day
1,21,Granola Bar Day
1,22,Blonde Brownie Day
1,22,Hot Sauce Day
1,22,Celebration Of Life Day
1,22,Answer Your Cat's Questions Day
1,23,Measure Your Feet Day
1,23,Handwriting Day
1,23,National Pie Day
1,23,Pie Day
1,24,National Peanut Butter Day
1,24,Belly Laugh Day
1,24,Global Belly Laugh Day
1,24,Beer Can Appreciation Day
1,24,Peanut Butter Day
1,24,National Compliment Day
1,24,Talk Like A Grizzled Prospector Day
1,24,Compliment Day
1,24,Macintosh Computer Day
1,25,Opposite Day
1,25,Visit Your Local Quilt Shop Day
1,25,A Room Of One's Own Day
1,25,Irish Coffee Day
1,25,Seed Swap Day
1,26,Australia Day
1,26,Spouse's Day
1,26,Spouses Day
1,26,Peanut Brittle Day
1,27,Bubble Wrap Appreciation Day
1,27,National Chocolate Cake Day
1,27,World Breast Pumping Day
1,27,National Bubble Wrap Appreciation Day
1,27,Chocolate Cake Day
1,27,e-Day
1,27,National Geographic Day
1,28,Global Community Engagement Day
1,28,Fun at Work Day
1,28,International Lego Day
1,28,Blueberry Pancake Day
1,28,National Kazoo Day
1,28,National Lego Day
1,28,Kazoo Day
1,28,Data Privacy Day
1,29,Puzzle Day
1,29,National Frito Pie Day
1,29,Curmudgeons Day
1,29,Cornchip Day
1,29,Freethinkers Day
1,30,Inane Answering Message Day
1,30,Croissant Day
1,31,Backward Day
1,31,National Fun at Work Day
1,31,Backwards Day
1,31,Fun At Work Day
1,31,Inspire Your Heart With Art Day
1,31,Gorilla Suit Day
2,1,Ice Cream For Breakfast Day
2,1,Lace Day
2,1,Take Your Child To The Library Day
2,1,Baked Alaska Day
2,1,Car Insurance Day
2,1,World Read Aloud Day
2,1,Decorating With Candy Day
2,1,Eat Ice Cream for Breakfast Day
2,1,Serpent Day
2,2,Yorkshire Pudding Day
2,2,Crepe Day
2,2,Marmot Day
2,2,World Play Your Ukulele Day
2,2,World Wetlands Day
2,2,Tater Tot Day
2,2,National Tater Tot Day
2,2,Play Your Ukulele Day
2,2,Candlemas day
2,2,Day of the Crêpe
2,2,Lung Leavin' Day
2,2,Groundhog day
2,2,Dump Your Significant Jerk Day
2,2,Sled Dog Day
2,2,Hedgehog Day
2,3,Carrot Cake Day
2,3,Golden Retriever Day
2,4,Thank A Letter Carrier Day
2,4,Create a Vacuum Day
2,4,Thank Your Mailman Day
2,4,World Cancer Day
2,4,Stuffed Mushroom Day
2,4,Sweater Day
2,4,Homemade Soup Day
2,5,National Weatherpersons Day
2,5,Weatherperson's Day
2,5,National Chocolate Fondue Day
2,5,Chocolate Fondue Day
2,5,World Nutella Day
2,5,National Weatherperson's Day
2,5,Western Monarch Day
2,6,Frozen Yogurt Day
2,6,National Chopsticks Day
2,6,Lame Duck Day
2,7,National Bubble Gum Day
2,7,Wear Red Day
2,7,Work Naked Day
2,7,Wave All Your Fingers At Your Neighbors Day
2,7,Ballet Day
2,7,Working Naked Day
2,7,e Day
2,7,Send a Card to a Friend Day
2,7,e-Day
2,8,Laugh and Get Rich Day
2,8,Molasses Bar Day
2,8,Laugh And Get Rich Day
2,8,Kite Flying Day
2,8,Opera Day
2,8,National Kite-Flying Day
2,9,Bagel and Lox Day
2,9,Toothache Day
2,9,National Pizza Day (at least five slices)[1]
2,9,Marriage Day
2,9,National Bagel Day
2,9,Pizza Day
2,9,Read In The Bathtub Day
2,10,Plimsoll Day
2,10,Great American Pizza Bake
2,10,Clean Out Your Computer Day
2,10,Cream Cheese Brownie Day
2,10,Umbrella Day
2,11,Pro Sports Wives Day
2,11,Safer Internet Day
2,11,Don't Cry Over Spilled Milk Day
2,11,Peppermint Patty Day
2,11,Extraterrestrial Culture Day
2,11,Get Out Your Guitar Day
2,11,Dont Cry Over Spilled Milk Day
2,11,Make a Friend Day
2,11,White Shirt Day
2,11,Satisfied Staying Single Day
2,12,Plum Pudding Day
2,12,Darwin Day
2,12,Lost Penny Day
2,13,Get A Different Name Day
2,13,Employee Legal Awareness Day
2,13,World Radio Day
2,13,Tortellini Day
2,13,Madly In Love With Me Day
2,13,Radio Day
2,14,No One Eats Alone Day
2,14,International Book Giving Day
2,14,Donor Day
2,14,Ferris Wheel Day
2,14,Library Lovers Day
2,14,Pet Theft Awareness Day
2,14,Cream-Filled Chocolates Day
2,15,"National ""I Want Butterscotch"" Day"
2,15,Singles Awareness Day
2,15,Hippo Day
2,15,Pangolin Day
2,15,Gumdrop Day
2,15,World Whale Day
2,16,Tim Tam Day
2,16,National Almond Day
2,16,Do a Grouch a Favor Day
2,16,Great American Pizza Bake
2,16,Innovation Day
2,16,Almond Day
2,17,Random Acts Of Kindness Day
2,17,World Human Spirit Day
2,17,Random Act of Kindness Day
2,17,My Way Day
2,18,Pluto Day
2,18,Drink Wine Day
2,18,Eat Ice Cream For Breakfast Day
2,18,Battery Day
2,19,Chocolate Mint Day
2,19,National Chocolate Mint Day
2,19,International Tug-of-War Day
2,20,National Cherry Pie Day
2,20,Love Your Pet Day
2,20,Fat Thursday
2,20,Muffin Day
2,20,Introduce A Girl To Engineering Day
2,20,Cherry Pie Day
2,20,Handcuff Day
2,21,International Mother Language Day
2,21,Sticky Bun Day
2,22,Single Tasking Day
2,22,Be Humble Day
2,22,Margarita Day
2,22,World Sword Swallowers Day
2,22,National Margarita Day
2,22,World Thinking Day
2,22,World Yoga Day
2,22,Cook a Sweet Potato Day
2,22,Walking the Dog Day
2,23,International Dog Biscuit Appreciation Day
2,23,Curling Is Cool Day
2,23,National Banana Bread Day
2,23,Banana Bread Day
2,23,Play Tennis Day
2,24,Tortilla Chip Day
2,24,National Tortilla Chip Day
2,24,Fairtrade Fortnight
2,24,Play More Cards Day
2,24,World Bartender Day
2,25,National Clam Chowder Day
2,25,National Chocolate-Covered Nuts Day
2,25,Clam Chowder Day
2,26,Tell A Fairy Tale Day
2,26,Levi Strauss Day
2,26,Pink Day
2,26,Inconvenience Yourself Day
2,26,Personal Chef Day
2,26,National Pistachio Day
2,26,Tell a Fairy Tale Day
2,26,Pistachio Day
2,26,For Pete's Sake Day
2,27,No Brainer Day
2,27,Pok'mon Day
2,27,Polar Bear Day
2,27,Kahlua Day
2,27,Chilli Day
2,27,Strawberry Day
2,27,International Polar Bear Day
2,27,National Strawberry Day
2,27,National Pokemon Day
2,27,Toast Day
2,27,World NGO Day
2,27,Digital Learning Day
2,28,Chocolate Souffl' Day
2,28,Tooth Fairy Day
2,28,Scouse Day
2,28,Work Your Proper Hours Day
2,28,National Chocolate Soufflé Day
2,28,National Khachapuri Day
2,28,Floral Design Day
2,28,Public Sleeping Day
2,29,Leap Year Day
2,29,National Frog Legs Day (celebration for Leap Day)
2,29,Rare Disease Day
2,29,International Underlings Day
2,29,Bachelor's Day
2,29,Open That Bottle Night
2,29,Sword Swallower's Day
2,29,World Sword Swallowers Day
3,1,National Peanut Butter Lover's Day
3,1,Namesake Day
3,1,World Compliment Day
3,1,Plan a Solo Vacation Day
3,1,"Refired, Not Retired Day"
3,1,Horse Protection Day
3,1,Fruit Compote Day
3,1,Plan A Solo Vacation Day
3,1,Pig Day
3,1,Wedding Planning Day
3,1,Barista Day
3,2,Dr. Seuss Day
3,2,Fairtrade Fortnight
3,2,National Banana Creme Pie Day
3,2,Old Stuff Day
3,2,Fun Facts About Names Day
3,2,Banana Cream Pie Day
3,2,Read Across America Day
3,3,I Want You to be Happy Day
3,3,Canadian Bacon Day
3,3,What If Cats and Dogs Had Opposable Thumbs Day
3,3,National Canadian Bacon Day
3,3,International Irish Whiskey Day
3,3,Unique Names Day
3,3,World Wildlife Day
3,3,Mulled Wine Day
3,3,National Anthem Day
3,3,Cold Cuts Day
3,4,International Scrapbooking Industry Day
3,4,World Maths Day
3,4,March Forth and Do Something Day
3,4,Fairtrade Fortnight
3,4,Grammar Day
3,4,National Snack Day
3,4,Toy Soldier Day
3,4,Pound Cake Day
3,4,National Pound Cake Day
3,4,Marching Band Day
3,5,National Absinthe Day
3,5,World Book Day
3,5,Cheese Doodle Day
3,5,Dissociative Identity Disorder Awareness Day
3,5,National Cheez Doodle Day
3,5,Name Tag Day
3,5,Cinco de Marcho
3,5,Learn What Your Name Means Day
3,5,Absinthe Day
3,6,National Frozen Food Day
3,6,Dentists Day
3,6,Frozen Food Day
3,6,National White Chocolate Cheesecake Day
3,6,Salesperson Day
3,6,Employee Appreciation Day
3,6,Dentist's Day
3,6,White Chocolate Cheesecake Day
3,6,Dress in Blue Day
3,6,Day of Unplugging
3,6,Middle Name Pride Day
3,6,National Oreo Day
3,6,Dentist’s Day
3,7,National Cereal Day
3,7,Be Heard Day
3,7,Plant Power Day
3,7,Crown Roast of Pork Day
3,7,Alexander Graham Bell Day
3,7,National Crown Roast of Pork Day
3,8,National Peanut Cluster Day
3,8,Check Your Batteries Day
3,8,Peanut Cluster Day
3,8,Proofreading Day
3,8,Dry Shampoo Day
3,8,International Women's Collaboration Brew Day
3,8,International Women's Day
3,8,Fairtrade Fortnight
3,9,Meatball Day
3,9,Napping Day
3,9,National Meatball Day
3,9,Get Over It Day
3,9,Crabmeat Day
3,9,National Crabmeat Day
3,9,Barbie Day
3,9,False Teeth Day
3,9,Panic Day
3,10,Pack Your Lunch Day
3,10,International Bagpipe Day
3,10,National Landline Telephone Day
3,10,Fill Our Staplers Day
3,10,Blueberry Popover Day
3,10,International Wig Day
3,10,Day Of Awesomeness
3,10,Organize Your Home Office Day
3,10,National Blueberry Popover Day
3,10,Skirt Day
3,10,Mario Day
3,10,National Ranch Dressing Day
3,10,National Pack Your Lunch Day
3,11,Oatmeal Nut Waffles Day
3,11,Johnny Appleseed Day
3,11,Registered Dietitian Day
3,11,Oatmeal Nut Waffle Day
3,11,World Plumbing Day
3,12,National Truffle Day
3,12,International Fanny Pack Day
3,12,Alfred Hitchcock Day
3,12,Baked Scallops Day
3,12,Kidney Day
3,12,Girl Scout Day
3,13,Coconut Torte Day
3,13,Blame Someone Else Day
3,13,Ken Day
3,13,Earmuffs Day
3,13,Smart & Sexy Day
3,13,Open An Umbrella Indoors Day
3,13,World Sleep Day
3,13,Jewel Day
3,14,Learn About Butterflies Day
3,14,Dribble to Work Day
3,14,Pi Day
3,14,International Ask a Question Day
3,14,Moth-er Day
3,14,Potato Chip Day
3,14,Crowdfunding Day
3,14,National Potato Chip Day
3,14,Legal Assistance Day
3,14,White Day
3,14,National Steak Day
3,14,Genealogy Day
3,14,Science Education Day
3,15,World Consumer Rights Day
3,15,World Speech Day
3,15,Brutus Day
3,15,Buzzards Day
3,15,True Confessions Day
3,15,Everything You Think is Wrong Day
3,16,Freedom Of Information Day
3,16,Lips Appreciation Day
3,16,Panda Day
3,16,No Selfies Day
3,16,St. Urho's Day
3,16,Every Thing You Do is Right Day
3,17,Saint Patrick's Day
3,17,Submarine Day
3,18,Biodiesel Day
3,18,Companies That Care Day
3,18,Forgive Mom & Dad Day
3,18,Awkward Moments Day
3,19,National Let's Laugh Day
3,19,Poultry Day
3,19,Client's Day
3,19,Lets Laugh Day
3,19,Let's Laugh Day
3,19,International Read To Me Day
3,19,Absolutely Incredible Kid Day
3,19,National Chocolate Caramel Day
3,19,Chocolate Caramel Day
3,20,Kiss Your Fiance Day
3,20,World Storytelling Day
3,20,Proposal Day
3,20,National Ravioli Day
3,20,Won't You Be My Neighbor Day
3,20,International Day of Happiness
3,20,Snowman Burning Day
3,20,Ravioli Day
3,20,Hufflepuff Pride Day
3,21,Healthy Fats Day
3,21,Memory Day
3,21,World Down Syndrome Day
3,21,Quilting Day
3,21,International Fragrance Day
3,21,French Bread Day
3,21,International Day of Forests
3,21,Corn Dog Day
3,21,Common Courtesy Day
3,21,World Poetry Day
3,21,Single Parent's Day
3,21,Slytherin Pride Day
3,22,As Young As You Feel Day
3,22,International Goof Off Day
3,22,Gryffindor Pride Day
3,22,National Corndog Day
3,22,World Water Day
3,22,Goof Off Day
3,22,National Water Day
3,23,Puppy Day
3,23,Ravenclaw Pride Day
3,23,National Chips and Dip Day
3,23,Near Miss Day
3,23,World OK Day
3,23,Melba Toast Day
3,23,Atheist Day
3,23,Chip and Dip Day
3,24,Flatmate's Day
3,24,Tuberculosis Day
3,24,Chocolate Covered Raisins Day
3,25,Eat a Waffle Day
3,25,Manatee Appreciation Day
3,25,Waffle Day
3,25,Pecan Day
3,25,Tolkien Reading Day
3,26,Make Up Your Own Holiday Day
3,26,Good Hair Day
3,26,Purple Day
3,26,Nougat Day
3,26,Spinach Day
3,27,World Theater Day
3,27,Quirky Country Music Song Titles Day
3,27,Spanish Paella Day
3,27,International Whisk(e)y Day
3,27,International Whiskey Day
3,28,Weed Appreciation Day
3,28,Black Forest Cake Day
3,28,Something on a Stick Day
3,28,Earth Hour
3,28,Something On A Stick Day
3,29,Lemon Chiffon Cake Day
3,29,Neighbor Day
3,29,Smoke and Mirrors Day
3,29,PayDay It Forward
3,29,Niagara Falls Runs Dry Day
3,29,World Piano Day
3,30,Take a Walk in the Park Day
3,30,World TB-303 Appreciation Day
3,30,Take A Walk In The Park Day
3,30,Doctors' Day
3,30,World Idli Day
3,30,Pencil Day
3,31,International Transgender Day of Visibility
3,31,National Clams on the Half Shell Day
3,31,Bunsen Burner Day
3,31,World Backup Day
3,31,Crayola Crayon Day
3,31,Eiffel Tower Day
4,1,Reading Is Funny Day
4,1,Sourdough Bread Day
4,1,Day Of Hope
4,1,Fun at Work Day
4,1,Fun Day
4,1,One Cent Day
4,2,Ferret Day
4,2,National Peanut Butter and Jelly Day
4,2,Children's Book Day
4,2,Peanut Butter and Jelly Day
4,2,Tell A Lie Day
4,2,Love Your Produce Manager Day
4,2,World Autism Day
4,3,Fish Fingers and Custard Day
4,3,Find A Rainbow Day
4,3,Chocolate Mousse Day
4,3,World Party Day
4,3,Walk to Work Day
4,3,Tweed Day
4,3,Poet in a Cupcake Day
4,3,National Find a Rainbow Day
4,4,National Burrito Day
4,4,Firewalk Day
4,4,Tangible Karma Day
4,4,Cordon Bleu Day
4,4,World Rat Day
4,4,Vitamin C Day
4,4,Carrot Day
4,4,Walk Around Things Day
4,4,D.A.R.E. Day
4,4,DIY Day
4,4,Tell a Lie Day
4,4,Pillow Fight Day
4,4,International Carrot Day
4,5,First Contact Day
4,5,Caramel Day
4,5,Hospital Admitting Clerks Day
4,5,Geologists' Day
4,5,Read A Road Map Day
4,5,Go For Broke Day
4,5,Star Trek First Contact Day
4,5,Deep Dish Pizza Day
4,5,National Caramel Day
4,5,Read a Road Map Day
4,6,Sorry Charlie Day
4,6,Army Day
4,6,Tartan Day
4,6,New Beer's Eve
4,6,World Table Tennis Day
4,6,Caramel Popcorn Day
4,6,Plan Your Epitaph Day
4,7,Beer Day
4,7,Making The First Move Day
4,7,No Housework Day
4,7,Beaver Day
4,7,World Health Day
4,7,National Beer Day
4,8,Zoo Lovers Day
4,8,Draw a Picture of a Bird Day
4,8,Day of Pink
4,9,Unicorn Day
4,9,Winston Churchill Day
4,9,ASMR Day
4,9,Cherish An Antique Day
4,9,Name Yourself Day
4,10,National Cinnamon Roll Day
4,10,International Safety Pin Day
4,10,Golfer's Day
4,10,Siblings Day
4,10,Sibling Day
4,11,Pet Day
4,11,World Parkinson's Disease Day
4,11,Barbershop Quartet Day
4,11,National Cheese Fondue Day
4,11,Submarine Day
4,11,Cheese Fondue Day
4,12,Yuris Night
4,12,Grilled Cheese Sandwich Day
4,12,Yuri's Night
4,12,Grilled Cheese Day
4,12,Deskfast Day
4,12,Licorice Day
4,12,Walk On Your Wild Side Day
4,12,National Grilled Cheese Sandwich Day
4,13,Thomas Jefferson Day
4,13,Scrabble Day
4,13,National Scrabble Day
4,13,International FND Awareness Day
4,14,Look up the Sky Day
4,14,Reach as High as You Can Day
4,14,Be Kind to Lawyers Day
4,14,Dolphin Day
4,14,Be Kind To Lawyers Day
4,14,Look Up at the Sky Day
4,14,International Moment of Laughter Day
4,14,Equal Pay Day
4,15,That Sucks! Day
4,15,Anime Day
4,15,Banana Day
4,15,Microvolunteering Day
4,15,Take A Wild Guess Day
4,15,ASL Day
4,16,Save The Elephant Day
4,16,Eggs Benedict Day
4,16,Wear Pajamas to Work Day
4,16,Wear Your Pajamas To Work Day
4,16,College Student Grief Awareness Day
4,16,High Five Day
4,17,Cheeseball Day
4,17,Haiku Poetry Day
4,17,Day Of Silence
4,17,Blah Blah Blah Day
4,17,Ford Mustang Day
4,17,Malbec World Day
4,17,Nothing Like A Dame Day
4,17,Kickball Day
4,17,National Cheeseball Day
4,17,World Hemophilia Day
4,17,Bat Appreciation Day
4,18,Lineman Appreciation Day
4,18,National Haiku Poetry Day
4,18,Columnist Day
4,18,Amateur Radio Day
4,18,Husband Appreciation Day
4,18,Auctioneers Day
4,18,Pi'ata Day
4,18,Record Store Day
4,18,World Heritage Day
4,18,Columnists Day
4,18,Pet Owners Independence Day
4,19,Rice Ball Day
4,19,Bicycle Day
4,19,Hanging Out Day
4,19,Poetry And The Creative Mind Day
4,19,Garlic Day
4,19,Amaretto Day
4,19,National Rice Ball Day
4,20,Volunteer Recognition Day
4,20,Chinese Language Day
4,20,Look Alike Day
4,20,International Milk Tea Dumpling Day
4,21,Library Workers Day
4,21,Kindergarten Day
4,21,Astronomy Day 1st
4,21,Record Store Day
4,21,American Red Cross Giving Day
4,21,World Creativity and Innovation Day
4,21,Bulldogs Are Beautiful Day
4,21,Chocolate Covered Cashews Day
4,21,Tea Day
4,22,National Jellybean Day
4,22,Administrative Professionals Day
4,22,Jelly Bean Day
4,22,Earth Day
4,22,Bookmobile Day
4,22,World Stationery Day
4,23,Love Your Thighs Day
4,23,Lover's Day
4,23,Lost Dog Awareness Day
4,23,English Language Day
4,23,Lovers Day
4,23,Impossible Astronaut Day
4,23,World Book Night
4,23,Take Our Daughters and Sons to Work Day
4,23,Take a Chance Day
4,23,Thank you Thursday
4,23,Talk Like Shakespeare Day
4,24,Hairball Awareness Day
4,24,Pig In A Blanket Day
4,24,National Pigs in a Blanket Day
4,24,Firefly Day
4,24,Teach Your Children to Save Day
4,25,National Zucchini Bread Day
4,25,Financial Independence Awareness Day
4,25,DNA Day
4,25,Veterinary Day
4,25,International Marconi Day
4,25,Save The Frogs Day
4,25,Independent Bookstore Day
4,25,Go Birding Day
4,25,Hug A Plumber Day
4,25,Sense Of Smell Day
4,25,World Penguin Day
4,25,Malaria Day
4,25,Anzac Day
4,26,World Pinhole Photography Day
4,26,National Pretzel Day
4,26,Pretzel Day
4,26,Poem in Your Pocket Day
4,26,Hug an Australian Day
4,26,Get Organized Day
4,26,International Chernobyl Disaster Remembrance Day
4,26,Help A Horse Day
4,26,Pinhole Photography Day
4,26,Richter Scale Day
4,26,Alien Day
4,27,National Prime Rib Day
4,27,Prime Rib Day
4,27,Marine Mammal Rescue Day
4,27,Tell a Story Day
4,27,World Tapir Day
4,27,Morse Code Day
4,28,Cubicle Day
4,28,Superhero Day
4,28,Shrimp Scampi Day
4,28,Workers' Memorial Day
4,28,Biological Clock Day
4,28,Clean Comedy Day
4,28,Blueberry Pie Day
4,28,Pay it Forward Day
4,29,International Dance Day
4,29,Zipper Day
4,29,World Wish Day
4,29,Guide Dogs Day
4,29,Stop Food Waste Day
4,29,We Jump The World Day
4,29,National Shrimp Scampi Day
4,30,Poem in Your Pocket Day
4,30,International Jazz Day
4,30,Honesty Day
4,30,Oatmeal Cookie Day
5,1,School Principals' Day
5,1,School Bus Drivers Day
5,1,Global Love Day
5,1,Tuba Day
5,1,Batman Day
5,1,Lei Day
5,1,Therapeutic Massage Awareness Day
5,1,World Space Day
5,1,No Pants Day
5,1,International Workers' Day
5,1,Space Day
5,1,Mother Goose Day
5,1,Executive Coaching Day
5,1,Purebred Dog Day
5,1,New Home Owners Day
5,2,International Astronomy Day
5,2,Naked Gardening Day
5,2,Infidelity Hurts Awareness Day
5,2,Join Hands Day
5,2,Wildfire Community Preparedness Day
5,2,Astronomy Day
5,2,Free Comic Book Day
5,2,Herb Day
5,2,Baby Day
5,3,Lumpy Rug Day
5,3,Two Different Colored Shoes Day
5,3,Paranormal Day
5,3,Garden Meditation Day
5,3,World Laughter Day
5,4,K.I.N.D Day
5,4,Petite And Proud Day
5,4,Candied Orange Peel Day
5,4,Renewal Day
5,4,Firefighters' Day
5,4,Star Wars Day
5,4,National Candied Orange Peel Day
5,5,International Midwives' Day
5,5,Hoagie Day
5,5,Nail Day
5,5,Cartoonists' Day
5,5,National Hoagie Day
5,5,Revenge of the Fifth
5,5,Teacher Appreciation Day
5,5,Asthma Day
5,5,Hug A Shed And Take A Selfie
5,6,School Nurse Day
5,6,National School Nurse Day
5,6,No Homework Day
5,6,Beverage Day
5,6,Golf Day
5,6,No Diet Day
5,7,Cosmopolitan Day
5,7,Password Day
5,7,Roast Leg of Lamb Day
5,7,World Cake Day
5,7,Love's Baby Soft Day
5,8,Ovarian Cancer Day
5,8,No Socks Day
5,8,Iris Day
5,8,Free Trade Day
5,8,Public Gardens Day
5,8,World Donkey Day
5,8,Military Spouse Appreciation Day
5,9,Fair Trade Day
5,9,Bellydance Day
5,9,Moscato Day
5,9,Buckfast Day
5,9,Europe Day
5,9,Train Day
5,9,Lost Sock Memorial Day
5,9,Windmill Day
5,10,World Lupus Day
5,10,National Ice Cream Cake Day
5,10,One Day Without Shoes Day
5,10,Clean Up Your Room Day
5,10,Mother Ocean Day
5,10,Stay Up All Night Night
5,11,Eat What You Want Day
5,11,World Ego Awareness Day
5,11,Accounting Day
5,11,Twilight Zone Day
5,12,Limerick Day
5,12,Fibromyalgia Awareness Day
5,12,International Nurses Day
5,12,Odometer Day
5,12,Nutty Fudge Day
5,13,Top Gun Day
5,13,Numeracy Day
5,13,Leprechaun Day
5,13,World Cocktail Day
5,13,Third Shift Workers' Day
5,13,Receptionists' Day
5,13,Donate A Day's Wages To Charity Day
5,13,International Hummus Day
5,13,Apple Pie Day
5,13,Root Canal Appreciation Day
5,13,Frog Jumping Day
5,14,Dance Like a Chicken Day
5,14,Chicken Dance Day
5,15,Endangered Species Day
5,15,Nylon Stockings Day
5,15,Virtual Assistants Day
5,15,Bring Flowers To Someone Day
5,15,Pizza Party Day
5,15,Bike To Work Day
5,15,Chocolate Chip Day
5,15,World Facilities Management Day
5,15,Straw Hat Day
5,15,Vascular Birthmarks Awareness Day
5,15,Shades Day
5,16,National BBQ Day
5,16,Sea Monkey Day
5,16,Drawing Day
5,16,Horse Rescue Day
5,16,World Fiddle Day
5,16,World Fish Migration Day
5,16,Waiters Day
5,16,Plant a Lemon Tree Day
5,16,World Whisky Day
5,16,Biographers Day
5,16,Learn To Swim Day
5,17,World Telecommunications Day
5,17,"International Day Against Homophobia, Transphobia and Biphobia"
5,17,World Baking Day
5,17,Work From Home Day
5,17,Pinot Grigio Day
5,17,World Hypertension Day
5,17,Neurofibromatosis Awareness Day
5,17,Pack Rat Day
5,17,National Walnut Day
5,18,Museum Day
5,18,Visit Your Relatives Day
5,18,No Dirty Dishes Day
5,19,May Ray Day
5,20,Be a Millionaire Day
5,20,Quiche Lorraine Day
5,20,Clinical Trials Day
5,20,Pick Strawberries Day
5,20,Weights & Measures Day
5,20,World Bee Day
5,21,Notebook Day
5,21,Waitstaff Day
5,21,Talk Like Yoda Day
5,21,Memo Day
5,21,Rapture Party Day
5,21,I Need A Patch For That Day
5,21,Global Accessibility Awareness Day
5,22,Goth Day
5,22,Buy a Musical Instrument Day
5,22,Sherlock Holmes Day
5,22,International Day for Biological Diversity
5,22,Don't Fry Day
5,22,Harvey Milk Day
5,22,Maritime Day
5,23,Title Track Day
5,23,National Taffy Day
5,23,Turtle Day
5,23,Lucky Penny Day
5,24,Aviation Maintenance Technician Day
5,24,Scavenger Hunt Day
5,24,National Escargot Day
5,24,Escargot Day
5,24,Brother's Day
5,24,Tiara Day
5,24,Indianapolis 500
5,25,Tap Dance Day
5,25,Towel Day
5,25,Sing Out Day
5,25,National Wine Day
5,25,Wine Day
5,25,Geek Pride Day
5,26,National Blueberry Cheesecake Day
5,26,World Lindy Hop Day
5,26,Dracula Day
5,26,Paper Airplane Day
5,27,Cellophane Tape Day
5,27,World Product Day
5,27,Senior Health & Fitness Day
5,27,Sun Screen Day
5,27,National Italian Beef Day
5,28,National Burger Day
5,28,Menstrual Hygiene Day
5,28,National Brisket Day
5,28,Hamburger Day
5,28,Amnesty International Day
5,28,Brisket Day
5,29,Learn About Composting Day
5,29,Put A Pillow On Your Fridge Day
5,29,Biscuit Day
5,29,Paper Clip Day
5,29,Put a Pillow on Your Fridge Day
5,30,Loomis Day
5,30,My Bucket's Got a Hole Day
5,30,Mint Julep Day
5,30,My Buckets Got a Hole Day
5,30,Water a Flower Day
5,31,Save Your Hearing Day
5,31,No Tobacco Day
5,31,Macaroon Day
5,31,World Meditation Day
5,31,Web Designer Day
6,1,TableTop Day
6,1,World Milk Day
6,1,Go Barefoot Day
6,1,Say Something Nice Day
6,1,Love Island Day
6,1,Thank God It's Monday Day
6,2,Rocky Road Day
6,2,Leave the Office Early Day
6,2,Rotisserie Chicken Day
6,2,Guitars On The Beach
6,2,National Rotisserie Chicken Day
6,2,Leave The Office Earlier Day
6,2,National Rocky Road Day
6,3,World Bicycle Day
6,3,Chimborazo Day
6,3,National Egg Day
6,3,Repeat Day
6,3,Insect Repellent Awareness Day
6,3,National Chocolate Macaroon Day
6,3,Running Day
6,3,Chocolate Macaroon Day
6,4,Cognac Day
6,4,National Cognac Day
6,4,Old Maid's Day
6,4,National Cheese Day
6,4,Hug Your Cat Day
6,4,Tailors Day
6,4,Corgi Day
6,5,Moonshine Day
6,5,Hot Air Balloon Day
6,5,Fish and Chip Day
6,5,HIV Long-Term Survivors Day
6,5,Doughnut Day
6,5,World Environment Day
6,5,Coworking Day
6,5,National Moonshine Day
6,5,National Gingerbread Day
6,5,National Doughnut Day
6,5,Sausage Roll Day
6,6,Trails Day
6,6,Drive-In Movie Day
6,6,Gardening Exercise Day
6,6,Caves and Karst Day
6,6,Yo-Yo Day
6,6,National Applesauce Cake Day
6,6,Applesauce Cake Day
6,6,Russian Language Day
6,7,VCR Day
6,7,Cancer Survivors Day
6,7,Chocolate Ice Cream Day
6,8,Best Friends Day
6,8,Upsy Daisy Day
6,8,World Oceans Day
6,9,Donald Duck Day
6,9,Call Your Doctor Day
6,9,International Lemon Drizzle Cake Day
6,9,Ros' Day
6,10,Ball Point Pen Day
6,10,Iced Tea Day
6,10,National Iced Tea Day
6,11,German Chocolate Cake Day
6,11,Corn On The Cob Day
6,11,National Corn on the Cob Day
6,11,Jerky Day
6,11,Corn on the Cob Day
6,11,Yarn Bombing Day
6,11,National German Chocolate Cake Day
6,11,Farm Workers Day
6,12,International Falafel Day
6,12,Loving Day
6,12,Peanut Butter Cookie Day
6,12,Superman Day
6,12,Red Rose Day
6,12,National Peanut Butter Cookie Day
6,13,World Softball Day
6,13,International Axe Throwing Day
6,13,World Gin Day
6,13,Sewing Machine Day
6,13,Worldwide Knit in Public Day
6,14,Bourbon Day
6,14,Juggling Day
6,14,Cupcake Day
6,14,Flag Day
6,14,World Blood Donor Day
6,14,International Bath Day
6,15,Beer Day Britain
6,15,National Lobster Day
6,15,Smile Power Day
6,15,Lobster Day
6,15,Magna Carta Day
6,15,Nature Photography Day
6,15,World Elder Abuse Awareness Day
6,16,Bloomsday
6,16,Fresh Veggies Day
6,16,World Tapas Day
6,16,National Fudge Day
6,16,Arborist Appreciation Day
6,16,Fudge Day
6,17,Eat Your Vegetables Day
6,17,Cherry Tart Day
6,17,Apple Strudel Day
6,17,Tessellation Day
6,17,Garbage Man Day
6,18,Clean Your Aquarium Day
6,18,International Panic Day
6,18,International Picnic Day
6,18,Splurge Day
6,18,Go Fishing Day
6,18,Dump The Pump Day
6,18,International Sushi Day
6,19,National Garfield the Cat Day
6,19,Take Your Dog to Work Day
6,19,Juneteenth
6,19,Martini Day
6,19,Sauntering Day
6,19,World Sickle Cell Awareness Day
6,19,Garfield The Cat Day
6,19,Take Back the Lunch Break Day
6,20,Guitars On The Beach
6,20,National Vanilla Milkshake Day
6,20,National Ice Cream Soda Day
6,20,Vanilla Milkshake Day
6,20,National Kouign Amann Day
6,20,Ice Cream Soda Day
6,20,American Eagle Day
6,20,Kouign Amann Day
6,20,World Productivity Day
6,20,World Refugee Day
6,20,Surf Day
6,20,World Juggling Day
6,21,Selfie Day
6,21,World Day of Music
6,21,International Yoga Day
6,21,Make Music Day
6,21,Optimism Day
6,21,World Motorcycle Day
6,21,World Music Day
6,21,Go Skateboarding Day
6,21,BoxKart Bash Day
6,21,World Humanist Day
6,21,Indigenous Peoples Day
6,21,Turkey Lovers' Day
6,21,World Giraffe Day
6,21,Daylight Appreciation Day
6,21,National Peaches ‘N’ Cream Day
6,21,Peaches 'N' Cream Day
6,22,Onion Ring Day
6,22,B Kinder Day
6,22,World Rainforest Day
6,22,Positive Media Day
6,22,Onion Rings Day
6,22,Chocolate 'clair Day
6,23,Public Service Day
6,23,Let It Go Day
6,23,Women in Engineering Day
6,23,Typewriter Day
6,23,International Widows Day
6,24,Pralines Day
6,24,Swim a Lap Day
6,24,Upcycling Day
6,24,Fairy Day
6,25,Strawberry Parfait Day
6,25,Color TV Day
6,25,National Catfish Day
6,25,Global Beatles Day
6,25,Goats Cheese Day
6,25,Catfish Day
6,25,Please Take my Children to Work Day
6,25,Bomb Pop Day
6,26,National Chocolate Pudding Day
6,26,Cream Tea Day
6,26,Canoe Day
6,26,Beautician's Day
6,26,National Coconut Day
6,26,Take Your Dog To Work Day
6,26,World Refrigeration Day
6,26,Chocolate Pudding Day
6,26,Take Your Dog to Work Day
6,27,Orange Blossom Day
6,27,National Bingo Day
6,27,Sunglasses Day
6,27,Industrial Workers Of The World Day
6,27,Armed Forces Day
6,27,Pineapple Day
6,27,Helen Keller Day
6,28,Paul Bunyan Day
6,28,International Body Piercing Day
6,28,Tapioca Day
6,28,Insurance Awareness Day
6,28,Logistics Day
6,28,Ceviche Day
6,28,National Tapioca Day
6,28,Happy Heart Hugs Day
6,28,Log Cabin Day
6,28,Tau Day
6,28,National Ceviche Day
6,29,World Industrial Design Day
6,29,Please Take My Children To Work Day
6,29,Camera Day
6,29,Almond Buttercrunch Day
6,29,International Mud Day
6,29,Waffle Iron Day
6,30,Meteor Watch Day
6,30,Social Media Day
7,1,National Creative Ice Cream Flavor Day
7,1,Canada Day
7,1,Joke Day
7,1,International Reggae Day
7,1,Zip Code Day
7,1,International Joke Day
7,1,Second Half of the Year Day
7,1,National Gingersnap Day
7,1,Gingersnap Day
7,1,Postal Worker Day
7,1,Creative Ice Cream Flavor Day
7,2,Anisette Day
7,2,National Anisette Day
7,2,I Forgot Day
7,2,World UFO Day
7,2,Plastic Free July
7,3,Disobedience Day
7,3,Compliment Your Mirror Day
7,3,Stay Out Of The Sun Day
7,3,National Chocolate Wafer Day
7,3,International Plastic Bag Free Day
7,3,Air Conditioning Appreciation Day
7,3,Chocolate Wafer Day
7,3,Eat Beans Day
7,4,Sidewalk Egg Frying Day
7,4,Independence From Meat Day
7,4,National Spareribs Day
7,4,Hop A Park Day
7,4,Jackfruit Day
7,4,Spareribs Day
7,4,Caesar Salad Day
7,4,Barbecue Day
7,4,National Caesar Salad Day
7,5,National Apple Turnover Day
7,5,Bikini Day
7,5,Workaholics Day
7,5,Apple Turnover Day
7,5,Mechanical Pencil Day
7,5,Build A Scarecrow Day
7,6,International Kissing Day
7,6,Umbrella Cover Day
7,6,Virtually Hug a Virtual Assistant Day
7,6,Fried Chicken Day
7,6,World Kissing Day
7,6,Take Your Webmaster To Lunch Day
7,6,National Fried Chicken Day
7,7,National Strawberry Sundae Day
7,7,World Chocolate Day
7,7,Chocolate Day
7,7,Cow Appreciation Day
7,7,Global Forgiveness Day
7,7,Tell the Truth Day
7,7,Tell The Truth Day
7,7,Strawberry Sundae Day
7,7,Macaroni Day
7,8,Video Games Day
7,8,Math 2.0 Day
7,8,Math 20 Day
7,8,National Chocolate with Almonds Day
7,8,Scud Day
7,8,Chocolate with Almonds Day
7,9,Sugar Cookie Day
7,9,National Sugar Cookie Day
7,10,Don't Step On A Bee Day
7,10,Pi'a Colada Day
7,10,Teddy Bears Picnic Day
7,10,Teddy Bears' Picnic Day
7,10,Clerihew Day
7,10,Kebab Day
7,10,National Piña Colada Day
7,10,Teddy Bear Picnic Day
7,11,Free Slurpee Day
7,11,National Blueberry Muffin Day
7,11,Blueberry Muffin Day
7,11,Mojito Day
7,11,Cheer Up the Lonely Day
7,11,World Population Day
7,12,Simplicity Day
7,12,New Conversations Day
7,12,Etch A Sketch Day
7,12,Pecan Pie Day
7,12,Different Colored Eyes Day
7,12,National Pecan Pie Day
7,13,International Rock Day
7,13,Embrace Your Geekness Day
7,13,Beef Tallow Day
7,13,Town Criers Day
7,13,French Fries Day
7,13,National French Fries Day
7,14,Shark Awareness Day
7,14,Mac & Cheese Day
7,14,National Grand Marnier Day
7,14,Pandemonium Day
7,14,Grand Marnier Day
7,15,Pet Fire Safety Day
7,15,National Orange Chicken Day
7,15,National Clean Beauty Day
7,15,National Tapioca Pudding Day
7,15,Tapioca Pudding Day
7,15,Orange Chicken Day
7,15,Gummi Worm Day
7,16,World Snake Day
7,16,National Corn Fritter Day
7,16,Corn Fritters Day
7,16,Fresh Spinach Day
7,16,Guinea Pig Appreciation Day
7,17,Tattoo Day
7,17,Peach Ice Cream Day
7,17,National Peach Ice Cream Day
7,17,World Emoji Day
7,17,Yellow Pig Day
7,18,Insurance Nerd Day
7,18,National Caviar Day
7,18,Mandela Day
7,18,Caviar Day
7,19,National Daiquiri Day
7,19,Daiquiri Day
7,19,Stick Out Your Tongue Day
7,19,Ice Cream Day
7,20,Plastic Free July
7,20,Get Out of the Doghouse Day
7,20,Space Exploration Day
7,20,National Fortune Cookie Day
7,20,International Chess Day
7,20,Moon Day
7,20,Lollipop Day
7,20,World Jump Day
7,20,National Lollipop Day
7,21,Lamington Day
7,21,Junk Food Day
7,22,Hot Dog Day
7,22,Cr'me Br'l'e Day
7,22,Mango Day
7,22,Pi Approximation Day
7,22,Hammock Day
7,22,National Penuche Fudge Day
7,22,Penuche Fudge Day
7,23,Peanut Butter and Chocolate Day
7,23,National Hot Dog Day
7,23,National Vanilla Ice Cream Day
7,23,Vanilla Ice Cream Day
7,23,National Peanut Butter and Chocolate Day
7,23,Sprinkle Day
7,23,Gorgeous Grandma Day
7,23,"International Yada, Yada, Yada Day"
7,24,Tell An Old Joke Day
7,24,National Tequila Day
7,24,Drive-Thru Day
7,24,National Drive-Thru Day
7,24,Tequila Day
7,24,Cousins Day
7,24,Pioneer Day
7,25,National Hot Fudge Sundae Day
7,25,Hot Fudge Sundae Day
7,25,Carousel Day
7,25,Culinarians Day
7,25,Wine and Cheese Day
7,25,Thread The Needle Day
7,26,National Coffee Milkshake Day
7,26,All or Nothing Day
7,26,Coffee Milk Shake Day
7,26,One Voice Day
7,26,Aunt and Uncle Day
7,26,Uncle and Aunt Day
7,26,Holistic Therapy Day
7,26,Parents' Day
7,27,National Scotch Day
7,27,Norfolk Day
7,27,Walk On Stilts Day
7,27,Gary Gygax Day
7,27,Scotch Whisky Day
7,27,Chicken Finger Day
7,27,Take Your Houseplant For A Walk Day
7,27,Take your Pants for a Walk Day
7,27,National Creme Brulee Day
7,28,World Hepatitis Day
7,28,National Milk Chocolate Day
7,28,Hamburger Day
7,28,Milk Chocolate Day
7,29,Lasagna Day
7,29,International Tiger Day
7,29,Lipstick Day
7,29,National Lasagna Day
7,29,International Chicken Wing Day
7,29,Rain Day
7,29,National Chicken Wing Day
7,30,International Day of Friendship
7,30,Father-in-Law Day
7,30,Friendship Day
7,30,Intern Day
7,30,National Cheesecake Day
7,30,Chili Dog Day
7,30,Paperback Book Day
7,30,Share a Hug Day
7,30,Cheesecake Day
7,31,World Ranger Day
7,31,National Raspberry Cake Day
7,31,Talk In An Elevator Day
7,31,Raspberry Cake Day
7,31,Uncommon Musical Instrument Day
7,31,Uncommon Instrument Awareness Day
7,31,System Administrator Appreciation Day
8,1,Sandcastle Day
8,1,World Lung Cancer Day
8,1,National Girlfriend Day
8,1,Disc Golf Day
8,1,Respect For Parents Day
8,1,Mead Day
8,1,Planner Day
8,1,National Milkshake Day
8,1,Mustard Day
8,1,World Wide Web Day
8,1,World Scout Scarf Day
8,1,Girlfriends Day
8,1,International Childfree Day
8,1,Raspberry Cream Pie Day
8,1,Yorkshire Day
8,1,Rounds Resounding Day
8,2,Doll Day
8,2,Coloring Book Day
8,2,Psychic Day
8,2,Ice Cream Sandwich Day
8,2,Sisters' Day
8,2,Sisters Day
8,3,National Watermelon Day
8,3,Cloves Syndrome Awareness Day
8,3,National White Wine Day
8,3,Watermelon Day
8,3,White Wine Day
8,3,Clean Your Floors Day
8,4,Assistance Dog Day
8,4,Single Working Women's Day
8,4,Single Working Womens Day
8,4,National Chocolate Chip Cookie Day
8,4,International Clouded Leopard Day
8,4,Night Out
8,4,Coast Guard Day
8,5,Regatta Day
8,5,Underwear Day
8,5,Blogger Day
8,5,Oyster Day
8,5,Work Like a Dog Day
8,6,Balloons to Heaven Day
8,6,Wiggle Your Toes Day
8,6,Fresh Breath Day
8,6,National Root Beer Float Day
8,6,International Sailor Moon Day
8,6,India Pale Ale Day
8,6,Root Beer Float Day
8,6,Farmworker Appreciation Day
8,7,Professional Speakers Day
8,7,Lighthouse Day
8,7,Particularly Preposterous Packaging Day
8,7,International Beer Day
8,7,Aged Care Employee Day
8,8,Bowling Day
8,8,Top 8 Challenge Day
8,8,Scottish Wildcat Day
8,8,Odie Day
8,8,International Cat Day
8,8,Garage Sale Day
8,8,Happiness Happens Day
8,9,Melon Day
8,9,Rice Pudding Day
8,9,Book Lovers Day
8,10,Duran Duran Appreciation Day
8,10,National Lazy Day
8,10,S'mores Day
8,10,Vlogging Day
8,10,Lazy Day
8,10,Skyscraper Appreciation Day
8,10,World Lion Day
8,10,lazyload Day
8,10,National S'more Day
8,11,Son and Daughter Day
8,11,Ingersoll Day
8,11,Play In The Sand Day
8,12,Royal National Agricultural Show Day
8,12,World Calligraphy Day
8,12,World Elephant Day
8,12,Middle Child Day
8,12,Vinyl Record Day
8,12,Middle Child's Day
8,12,International Youth Day
8,13,National Filet Mignon Day
8,13,International Lefthanders Day
8,13,Left-Handers Day
8,13,Filet Mignon Day
8,14,Creamsicle Day
8,14,Social Security Day
8,14,Tattoo Removal Day
8,14,National Creamsicle Day
8,15,Acadian Day
8,15,Lemon Meringue Pie Day
8,15,Geocaching Day
8,15,Relaxation Day
8,15,World Honey Bee Day
8,15,Break The Monotony Day
8,15,Homeless Animals Day
8,15,Check The Chip Day
8,15,National Lemon Meringue Pie Day
8,16,Surveillance Day
8,16,World Bratwurst Day
8,16,National Roller Coaster Day
8,16,Airborne Day
8,16,Rollercoaster Day
8,16,Tell a Joke Day
8,16,National Rum Day
8,16,Tell A Joke Day
8,16,Rum Day
8,17,National Vanilla Custard Day
8,17,Vanilla Custard Day
8,17,Thrift Shop Day
8,17,Black Cat Appreciation Day
8,18,Serendipity Day
8,18,Bad Poetry Day
8,18,Pinot Noir Day
8,18,Mail Order Catalog Day
8,18,Never Give Up Day
8,18,National Pinot Noir Day
8,19,International Orangutan Day
8,19,Aviation Day
8,19,Potato Day
8,19,National Potato Day
8,19,Humanitarian Day
8,19,Photography Day
8,19,International Bow Day
8,19,World Photo Day
8,20,World Mosquito Day
8,20,International Day of Medical Transporters
8,20,Chocolate Pecan Pie Day
8,21,Spumoni Day
8,21,National Spumoni Day
8,21,Men's Grooming Day
8,21,Poet's Day
8,21,Senior Citizens Day
8,22,Eat A Peach Day
8,22,National Eat A Peach Day
8,22,Take Your Cat to the Vet Day
8,22,Be An Angel Day
8,22,National Pecan Torte Day
8,22,Pecan Torte Day
8,23,Sponge Cake Day
8,23,Ride Like the Wind Day
8,23,National Cuban Sandwich Day
8,23,Cuban Sandwich Day
8,23,National Sponge Cake Day
8,23,Cheap Flight Day
8,23,Valentino Day
8,23,Ride the Wind Day
8,24,Vesuvius Day
8,24,International Strange Music Day
8,24,National Peach Pie Day
8,24,Pluto Demoted Day
8,24,Knife Day
8,24,Peach Pie Day
8,24,National Waffle Day
8,25,Whiskey Sour Day
8,25,National Banana Split Day
8,25,Kiss And Make Up Day
8,25,Banana Split Day
8,25,Kiss and Make up Day
8,25,National Whiskey Sour Day
8,26,National Cherry Popsicle Day
8,26,Dog Day
8,26,Cherry Popsicle Day
8,26,WebMistress Day
8,26,Women's Equality Day
8,26,Dog Appreciation Day
8,27,Tug-of-War Day
8,27,National Pots de Crème Day
8,27,Banana Lovers Day
8,27,Burger Day
8,27,The Duchess Who Wasn't Day
8,27,International Bat Night
8,27,Pots De Creme Day
8,27,International Lottery Day
8,27,National Banana Lovers Day
8,27,Petroleum Day
8,27,The Duchess Who Wasnt Day
8,28,Race Your Mouse Around The Icons Day
8,28,National Cherry Turnover Day
8,28,Cherry Turnover Day
8,28,Rainbow Bridge Remembrance Day
8,28,Radio Commercials Day
8,28,Crackers Over The Keyboard Day
8,28,Daffodil Day
8,28,Bow Tie Day
8,29,Potteries Bottle Oven Day
8,29,According to Hoyle Day
8,29,Franchise Appreciation Day
8,29,Individual Rights Day
8,29,National Lemon Juice Day
8,29,Lemon Juice Day
8,29,National Chop Suey Day
8,29,"More Herbs, Less Salt Day"
8,29,Chop Suey Day
8,30,Holistic Pet Day
8,30,National Toasted Marshmallow Day
8,30,Frankenstein Day
8,30,Toasted Marshmallow Day
8,30,Slinky Day
8,30,Grief Awareness Day
8,30,International Whale Shark Day
8,30,Amagwinya Day
8,30,Pony Express Day
8,31,Overdose Awareness Day
8,31,Trail Mix Day
8,31,Eat Outside Day
8,31,We Love Memoirs Day
8,31,Love Litigating Lawyers Day
9,1,Emma Nutt Day
9,1,Letter Writing Day
9,1,No Rhyme or Reason Day
9,1,Cherry Popover Day
9,1,National Cherry Popover Day
9,1,Ginger Cat Appreciation Day
9,1,Building and Code Staff Appreciation Day
9,1,Tofu Day
9,1,Emma M Nutt Day
9,2,Global Talent Acquisition Day
9,2,National Blueberry Popsicle Day
9,2,Calendar Adjustment Day
9,2,Bison Ten Yell Day
9,2,Sourdough September
9,2,Blueberry Popsicle Day
9,2,V-J Day
9,3,Welsh Rarebit Day
9,3,National Welsh Rarebit Day
9,3,Skyscraper Day
9,4,Bring Your Manners To Work Day
9,4,Macadamia Nut Day
9,4,Lazy Mom's Day
9,4,National Macadamia Nut Day
9,4,Newspaper Carrier Day
9,4,Eat an Extra Dessert Day
9,4,College Colors Day
9,5,Cheese Pizza Day
9,5,Be Late For Something Day
9,5,Be Late for Something Day
9,5,Turkey Vulture Day
9,5,World Samosa Day
9,5,Beard Day
9,5,International Day of Charity
9,5,National Cheese Pizza Day
9,6,National Coffee Ice Cream Day
9,6,Fight Procrastination Day
9,6,Coffee Ice Cream Day
9,6,Read a Book Day
9,6,Pet Rock Day
9,7,Buy a Book Day
9,7,World Duchenne Awareness Day
9,7,Superhuman Day
9,7,National Beer Lover's Day
9,7,Acorn Squash Day
9,7,National Acorn Squash Day
9,7,Beer Lover's Day
9,7,Mouthguard Day
9,7,National Salami Day
9,7,Salami Day
9,8,Literacy Day
9,8,Another Look Unlimited Day
9,8,Star Trek Day
9,8,Iguana Awareness Day
9,8,World Physical Therapy Day
9,8,Pardon Day
9,8,Actors' Day
9,9,Teddy Bear Day
9,9,Wienerschnitzel Day
9,9,Quiet Day
9,9,National Steak Au Poivre Day
9,9,Wonderful Weirdos Day
9,9,Steak Au Poivre Day
9,10,Swap Ideas Day
9,10,National TV Dinner Day
9,10,Alpaca Day
9,10,TV Dinner Day
9,10,World Suicide Prevention Day
9,11,No News is Good News Day
9,11,Patriot Day
9,11,Hot Cross Bun Day
9,11,National Hot Cross Bun Day
9,11,Make Your Bed Day
9,12,Drive Your Studebaker Day
9,12,Programmers' Day
9,12,Chocolate Milkshake Day
9,12,National Chocolate Milkshake Day
9,12,Video Games Day
9,13,National Peanut Day
9,13,Peanut Day
9,13,Supernatural Day
9,13,Fortune Cookie Day
9,13,Defy Superstition Day
9,13,Positive Thinking Day
9,13,Kids Take Over The Kitchen Day
9,13,Celiac Awareness Day
9,13,Roald Dahl Day
9,13,National Chocolate Day
9,13,Grandparent's Day
9,13,Hug Your Hound Day
9,14,Boss/Employee Exchange Day
9,14,Cream Filled Doughnut Day
9,14,Eat a Hoagie Day
9,14,National Eat a Hoagie Day
9,14,National Cream-Filled Donut Day
9,14,Hug Your Hound Day
9,14,Gobstopper Day
9,15,Linguine Day
9,15,Greenpeace Day
9,15,National Linguine Day
9,15,Double Cheeseburger Day
9,15,International Red Panda Day
9,15,World Afro Day
9,15,Butterscotch Cinnamon Pie Day
9,15,National Double Cheeseburger Day
9,15,International Dot Day
9,15,Felt Hat Day
9,15,Make a Hat Day
9,15,National Crème de Menthe Day
9,15,Make A Hat Day
9,15,Cheese Toast Day
9,15,Batman Day
9,15,National Cheese Toast Day
9,16,Working Parents Day
9,16,National Cinnamon-Raisin Bread Day
9,16,National Guacamole Day
9,16,World Guacamole Day
9,16,Collect Rocks Day
9,16,Cinnamon-Raisin Bread Day
9,16,Teenager Workout Day
9,16,Play Doh Day
9,16,Guacamole Day
9,16,World Ozone Day
9,16,Stepfamily Day
9,17,National Apple Dumpling Day
9,17,Get Ready Day
9,17,National Monte Cristo Sandwich Day
9,17,Monte Cristo Sandwich Day
9,17,International Country Music Day
9,17,Constitution Day
9,17,Apple Dumpling Day
9,17,Table Shuffleboard Day
9,17,International Guinep Day
9,17,Locate An Old Friend Day
9,18,Water Monitoring Day
9,18,Grenache Day
9,18,First Love Day
9,18,Hug Your Boss Day
9,18,Tradesmen Day
9,18,Concussion Awareness Day
9,18,National Cheeseburger Day
9,18,Respect Day
9,18,Hug A Greeting Card Writer Day
9,18,Cheeseburger Day
9,18,Rice Krispie Treat Day
9,19,National Butterscotch Pudding Day
9,19,Gymnastics Day
9,19,National CleanUp Day
9,19,Coastal Cleanup Day
9,19,Read An Ebook Day
9,19,Eat An Apple Day
9,19,National Gymnastics Day
9,19,Butterscotch Pudding Day
9,19,Talk Like A Pirate Day
9,19,International Talk Like a Pirate Day
9,20,Wife Appreciation Day
9,20,National Pepperoni Pizza Day
9,20,Pepperoni Pizza Day
9,20,National Queso Day
9,20,Punch Day
9,20,Sourdough September
9,20,National Punch Day
9,20,National Rum Punch Day
9,21,World Gratitude Day
9,21,World Alzheimer's Day
9,21,Miniature Golf Day
9,21,National Pecan Cookie Day
9,21,Pecan Cookie Day
9,21,International Day of Peace
9,21,Escapology Day
9,22,World Rhino Day
9,22,Dear Diary Day
9,22,Ice Cream Cone Day
9,22,World Car Free Day
9,22,Hobbit Day
9,22,Business Women's Day
9,22,International Mixed Berries Muffin Day
9,22,Doodle Day
9,22,Elephant Appreciation Day
9,22,Chainmail Day
9,22,White Chocolate Day
9,23,International Day of Sign Languages
9,23,Celebrate Bisexuality Day
9,23,Za'atar Day
9,23,Checkers Day
9,23,Education Technology Day
9,23,Restless Legs Awareness Day
9,24,Lash Stylists' Day
9,24,Punctuation Day
9,24,Cherries Jubilee Day
9,24,Remember Me Thursday
9,25,Better Breakfast Day
9,25,World Pharmacists Day
9,25,Cooking Day
9,25,World Dream Day
9,25,Love Note Day
9,25,Comic Book Day
9,25,National Lobster Day
9,25,Heritage Day
9,25,Fitness Day
9,25,Binge Day
9,25,One-Hit Wonder Day
9,25,Hug a Vegetarian Day
9,25,German Butterbrot Day
9,25,Psychotherapy Day
9,26,Love Note Day
9,26,Save Your Photos Day
9,26,Astronomy Day
9,26,Rabbit Day
9,26,National Better Breakfast Day
9,26,Human Resource Professional Day
9,26,National Pancake Day
9,26,National Dumpling Day
9,26,Lumberjack Day
9,26,Johnny Appleseed Day
9,27,Morning Show Hosts Day
9,27,Ancestor Appreciation Day
9,27,Tourism Day
9,27,Crush a Can Day
9,27,Corned Beef Hash Day
9,27,National Corned Beef Hash Day
9,27,National No Excuses Day
9,27,Rivers Day
9,27,National Chocolate Milk Day
9,28,Family Day – A Day to Eat Dinner with Your Children
9,28,Family Day
9,28,Good Neighbor Day
9,28,Strawberry Cream Pie Day
9,28,Drink Beer Day
9,28,Ask a Stupid Question Day
9,28,International Poke Day
9,28,World Rabies Day
9,29,Biscotti Day
9,29,National Coffee Day
9,29,International Coffee Day
9,29,World Heart Day
9,29,National Biscotti Day
9,30,Extra Virgin Olive Oil Day
9,30,Mud Pack Day
9,30,Thunderbirds Day
9,30,International Translation Day
9,30,Hot Mulled Cider Day
9,30,Rumi Day
9,30,National Hot Mulled Cider Day
9,30,Ask A Stupid Question Day
10,1,National Hair Day
10,1,Lincolnshire Day
10,1,International Coffee Day
10,1,Older Peoples Day
10,1,Balloons Around the World Day
10,1,World Vegetarian Day
10,1,CD Player Day
10,2,National Name Your Car Day
10,2,World Smile Day
10,2,World Farm Animals Day
10,2,Phileas Fogg Wager Day
10,2,Kids Music Day
10,2,Name Your Car Day
10,2,International Day of Non-Violence
10,2,Custodial Worker Day
10,3,Boyfriend's Day
10,3,Virus Appreciation Day
10,3,Techies Day
10,3,Bring Your Bible to School Day
10,3,National Kevin Day
10,3,Card Making Day
10,4,Change A Light Day
10,4,National Taco Day
10,4,Improve Your Office Day
10,4,Ship in A Bottle Day
10,4,Taco Day
10,4,Vodka Day
10,4,National Vodka Day
10,4,World Animal Day
10,5,National Get Funky Day
10,5,Chic Spy Day
10,5,National Be Nice Day
10,5,Amazon Prime Day
10,5,Balloons Around the World Day
10,5,World Habitat Day
10,5,Country Inn Bed & Breakfast Day
10,5,Day of Bullying Prevention
10,5,Architecture Day
10,5,Chic Spy' Day
10,5,World Teachers Day
10,6,Badger Day
10,6,Physician Assistant Day
10,6,Mad Hatter Day
10,6,World Cerebral Palsy Day
10,6,National Mad Hatter Day
10,6,National Coaches Day
10,6,Noodle Day
10,6,National Noodle Day
10,7,Frappé Day
10,7,Frappe Day
10,7,Canadian Beer Day
10,7,Team Margot Stem Cell and Bone Marrow Awareness Day
10,7,Random Acts of Poetry Day
10,7,Bathtub Day
10,8,International Podiatry Day
10,8,American Touch Tag Day
10,8,World Octopus Day
10,8,National Pierogi Day
10,8,National Fluffernutter Day
10,8,Sight Day
10,8,Pierogi Day
10,9,Curious Events Day
10,9,Scrubs Day
10,9,Egg Day
10,9,Moldy Cheese Day
10,9,International Beer and Pizza Day
10,9,Beer and Pizza Day
10,9,Fire Prevention Day
10,9,Vet Nurse Day
10,9,World Post Day
10,10,National Hug a Drummer Day
10,10,Handbag Day
10,10,World Mental Health Day
10,10,Cake Decorating Day
10,10,SHIFT10 Day
10,10,World Porridge Day
10,10,World Homeless Day
10,10,Hug A Drummer Day
10,11,Coming Out Day
10,11,National Sausage Pizza Day
10,11,Sausage Pizza Day
10,11,It's My Party Day
10,11,Its My Party Day
10,11,National Kimberly Day
10,12,Pulled Pork Day
10,12,World Arthritis Day
10,12,Native American Day
10,12,Columbus Day
10,12,Old Farmers Day
10,13,No Bra Day
10,13,Astronomy Day 2nd
10,13,Face Your Fears Day
10,13,International Skeptics Day
10,13,National Transfer Money to Your Son Day
10,13,Train Your Brain Day
10,13,Own Business Day
10,13,Ada Lovelace Day
10,14,World Standards Day
10,14,Dessert Day
10,14,Pet Obesity Awareness Day
10,14,International Top Spinning Day
10,14,Emergency Nurses Day
10,14,Take Your Parents To Lunch Day
10,14,National Dessert Day
10,14,Bring Your Teddy Bear To Work & School Day
10,15,White Cane Safety Day
10,15,​National I Love Lucy Day
10,15,Global Handwashing Day
10,15,Get Smart About Credit Day
10,15,National Grouch Day
10,15,World Students' Day
10,15,I Love Lucy Day
10,15,Chicken Cacciatore Day
10,15,Conflict Resolution Day
10,16,World Food Day
10,16,Boss' Day
10,16,Steve Jobs Day
10,16,Feral Cat Day
10,16,Department Store Day
10,16,Dictionary Day
10,17,I Love Yarn Day
10,17,International Day for the Eradication of Poverty
10,17,Repair Day
10,17,Bridge Day
10,17,Sweetest Day
10,17,Playing Card Collection Day
10,17,National Pasta Day
10,17,Mulligan Day
10,17,Wear Something Gaudy Day
10,17,Forgive an Ex Day
10,17,National Mulligan Day
10,17,Spreadsheet Day
10,18,National Chocolate Cupcake Day
10,18,No Beard Day
10,18,Developmental Language Disorder Awareness Day
10,18,Chocolate Cupcake Day
10,18,Toy Camera Day
10,19,Evaluate Your Life Day
10,19,International Gin and Tonic Day
10,19,National Clean Out Your Virtual Desktop Day
10,19,Clean Your Virtual Desktop Day
10,20,Information Overload Day
10,20,International Sloth Day
10,20,Office Chocolate Day
10,20,Brandied Fruit Day
10,20,National Office Chocolate Day
10,20,International Observe the Moon Night
10,20,International Chef Day
10,20,Suspender's Day
10,20,Community Media Day
10,20,National Brandied Fruit Day
10,21,Global Dignity Day
10,21,Reptile Awareness Day
10,21,Apple Day
10,21,Hagfish Day
10,21,Count your Buttons Day
10,21,Count Your Buttons Day
10,22,Nut Day
10,22,International Stuttering Awareness Day
10,22,Caps Lock Day
10,22,National Nut Day
10,22,Smart is Cool Day
10,23,National Boston Creme Pie Day
10,23,Boston Cream Pie Day
10,23,Snow Leopard Day
10,23,SUDEP Action Day
10,23,iPod Day
10,23,TV Talk Show Host Day
10,23,Slap Your Annoying Coworker Day
10,23,Event Organizers Day
10,23,Mole Day
10,23,World Mole Day
10,24,Bologna Day
10,24,National Bologna Day
10,24,United Nations Day
10,24,Tripe Day
10,24,National Food Day
10,24,World Tripe Day
10,24,Make A Difference Day
10,25,Greasy Food Day
10,25,National Butter Day
10,25,Mother-In-Law Day
10,25,Sourest Day
10,25,International Artists Day
10,25,Punk for a Day Day
10,25,National Greasy Food Day
10,25,World Pasta Day
10,26,Howl at the Moon Day and Night
10,26,Mule Day
10,26,Howl At The Moon Day
10,26,Mincemeat Day
10,26,Pumpkin Day
10,27,American Beer Day
10,27,Navy Day
10,27,Black Cat Day
10,27,Cranky Co-Workers Day
10,28,Animation Day
10,28,International Animation Day
10,28,Plush Animal Lover's Day
10,28,National Chocolate Day
10,29,Cat Day
10,29,National Oatmeal Day
10,29,Internet Day
10,30,Candy Corn Day
10,30,Bandana Day
10,30,Haunted Refrigerator Night
10,30,National Candy Corn Day
10,30,Checklist Day
10,30,Create A Great Funeral Day
10,31,National Candy Apple Day
10,31,Magic Day
10,31,Hug A Sheep Day
10,31,Caramel Apple Day
10,31,Halloween
10,31,National Caramel Apple Day
11,1,Go Cook For Your Pets Day
11,1,Zero Tasking Day
11,1,Extra Mile Day
11,1,Orphan Sunday
11,1,National French Fried Clam Day
11,1,Author's Day
11,1,Scented Candle Day
11,1,World Vegan Day
11,1,Authors' Day
11,1,National Vinegar Day
11,1,French Fried Clam Day
11,1,National Cook For Your Pets Day
11,1,Authors Day
11,1,Vinegar Day
11,2,National Deviled Egg Day
11,2,Deviled Eggs Day
11,2,Job Action Day
11,2,Broadcast Traffic Professionals Day
11,2,Movember
11,2,Dynamic Harmlessness Day
11,2,Deviled Egg Day
11,3,National Bison Day
11,3,Jellyfish Day
11,3,Sandwich Day
11,3,Clich' Day
11,3,Housewife's Day
11,3,World Sandwich Day
11,3,National Sandwich Day
11,3,Candy Day
11,4,Wobbly Wednesday
11,4,National Candy Day
11,4,Stress Awareness Day
11,4,Use Your Common Sense Day
11,4,Common Sense Day
11,5,International Stout Day
11,5,Men Make Dinner Day
11,5,Project Management Day
11,5,National Doughnut Day II
11,5,Gunpowder Day
11,5,Love Your Red Hair Day
11,6,Fountain Pen Day
11,6,Saxophone Day
11,6,Love Your Lawyer Day
11,6,Nachos Day
11,6,National Nachos Day
11,7,Numbat Day
11,7,Bittersweet Chocolate with Almonds Day
11,7,National Bittersweet Chocolate with Almonds Day
11,7,Bittersweet Chocolate With Almonds Day
11,7,Hug A Bear Day
11,8,Harvey Wallbanger Day
11,8,Cappuccino Day
11,8,National Harvey Wallbanger Day
11,8,Cook Something Bold and Pungent Day
11,8,Tongue Twister Day
11,8,X-Ray Day
11,8,World Quality Day
11,9,National Scrapple Day
11,9,Scrapple Day
11,9,Chaos Never Dies Day
11,9,World Orphans Day
11,9,World Freedom Day
11,10,Forget Me Not Day
11,10,Vanilla Cupcake Day
11,10,National Vanilla Cupcake Day
11,10,Forget-me-not Day
11,10,Area Code Day
11,10,Sesame Street Day
11,10,United States Marine Corps Birthday
11,11,National Sundae Day
11,11,Pocky Day
11,11,Sundae Day
11,11,Origami Day
11,11,Singles Day
11,12,National Happy Hour Day
11,12,Pizza With The Works Except Anchovies Day
11,12,Happy Hour Day
11,12,Chicken Soup for the Soul Day
11,12,Fancy Rat & Mouse Day
11,12,National Pizza with the Works Except Anchovies Day
11,13,Symphonic Metal Day
11,13,Indian Pudding Day
11,13,World Kindness Day
11,13,Sadie Hawkins Day
11,13,National Indian Pudding Day
11,14,Operating Room Nurse Day
11,14,Spicy Guacamole Day
11,14,National Pickle Day
11,14,"Loosen Up, Lighten Up Day"
11,14,National Spicy Guacamole Day
11,14,World Diabetes Day
11,14,Pickle Day
11,15,America Recycles Day
11,15,Clean Out Your Refrigerator Day
11,15,National Spicy Hermit Cookie Day
11,15,Philanthropy Day
11,15,Bundt Cake Day
11,15,Spicy Hermit Cookie Day
11,15,National Clean Out Your Refrigerator Day
11,15,I Love to Write Day
11,16,Clarinet day
11,16,National Fast Food Day
11,16,Fast Food Day
11,16,Have a Party with Your Bear Day
11,16,International Day for Tolerance
11,16,Button Day
11,17,Entrepreneurs' Day
11,17,Unfriend Day
11,17,International Happy Gose Day
11,17,National Baklava Day
11,17,Homemade Bread Day
11,17,Baklava Day
11,17,National Take a Hike Day
11,17,World Prematurity Day
11,17,Take A Hike Day
11,18,Education Support Professionals Day
11,18,Adoption Day
11,18,Housing Day
11,18,National Vichyssoise Day
11,18,Mickey Mouse Day
11,18,Push Button Phone Day
11,18,Vichyssoise Day
11,18,GIS Day
11,18,National Apple Cider Day
11,18,National Princess Day
11,18,Princess Day
11,18,Apple Cider Day
11,19,World Toilet Day
11,19,Have A Bad Day Day
11,19,Use Less Stuff Day
11,19,Carbonated Beverage with Caffeine Day
11,19,Play Monopoly Day
11,19,Beaujolais Nouveau Day
11,19,International Men's Day
11,19,Social Enterprise Day
11,20,Universal Children's Day
11,20,Name Your PC Day
11,20,African Industrialization Day
11,20,National Peanut Butter Fudge Day
11,20,Absurdity Day
11,20,Movember
11,20,Peanut Butter Fudge Day
11,20,National Absurdity Day
11,21,National Stuffing Day
11,21,World Hello Day
11,21,Red Mitten Day
11,21,Stuffing Day
11,21,World Television Day
11,21,False Confession Day
11,22,Go For a Ride Day
11,22,Go For A Ride Day
11,22,Cranberry Relish Day
11,23,Eat A Cranberry Day
11,23,Fibonacci Day
11,23,Cashew Day
11,23,National Eat A Cranberry Day
11,23,National Espresso Day
11,23,National Cashew Day
11,23,Espresso Day
11,24,Sardines Day
11,24,Celebrate Your Unique Talent Day
11,25,Tie One On Day
11,25,Jukebox Day
11,25,Blase' Day
11,25,Shopping Reminder Day
11,25,National Parfait Day
11,25,Parfait Day
11,26,Cakes Day
11,26,Cake Day
11,26,Day of Mourning
11,26,A Blue Christmas
11,26,National Cake Day
11,26,Turkey Free Thanksgiving
11,27,Buy Nothing Day
11,27,Flossing Day
11,27,Maize Day
11,27,You're Welcome Giving Day
11,27,Craft Jerky Day
11,27,Pins And Needles Day
11,27,Sinkie Day
11,27,Bavarian Cream Pie Day
11,27,Black Friday
11,27,Day of Listening
11,27,Systems Engineer Day
11,28,Small Business Saturday (US)
11,28,Red Planet Day
11,28,Aura Awareness Day
11,28,National French Toast Day
11,28,French Toast Day
11,29,Electronic Greeting Card Day
11,29,National Chocolates Day
11,29,National Lemon Cream Pie Day
11,29,Lemon Cream Pie Day
11,29,Chocolates Day
11,29,Throw Out Your Leftovers Day
11,29,Electronic Greetings Day
11,29,Square Dancing Day
11,30,Stay Home Because You're Well Day
11,30,National Mousse Day
11,30,Mason Jar Day
11,30,Computer Security Day
11,30,Cyber Monday
11,30,Mousse Day
12,1,Eat a Red Apple Day
12,1,Eat A Red Apple Day
12,1,Day Without Art Day
12,1,Giving Tuesday
12,1,A Blue Christmas
12,2,Fritters Day
12,2,National Fritters Day
12,2,Operation Santa Paws
12,2,Fritter Day
12,2,A Blue Christmas
12,3,Make a Gift Day
12,3,Roof Over Your Head Day
12,3,Make A Gift Day
12,3,Disability Day
12,3,A Blue Christmas
12,4,Cab Franc Day
12,4,International Cheetah Day
12,4,Wear Brown Shoes Day
12,4,Faux Fur Friday
12,4,Bartender Appreciation Day
12,4,World Wildlife Conservation Day
12,4,National Cookie Day
12,4,Dice Day
12,4,Cookie Day
12,5,Repeal Day
12,5,World Soil Day
12,5,Bathtub Party Day
12,5,International Ninja Day
12,5,Sachertorte Day
12,5,Day of the Ninja
12,6,A Blue Christmas
12,6,Mitten Tree Day
12,6,St. Nicholas Day
12,6,Pawnbrokers Day
12,6,Put on Your Own Shoes Day
12,6,Microwave Oven Day
12,6,Miners' Day
12,6,Put On Your Own Shoes Day
12,7,Letter Writing Day
12,7,International Civil Aviation Day
12,7,Cotton Candy Day
12,7,Pearl Harbor Remembrance Day
12,7,Walt Disney Day
12,8,Pretend to Be a Time Traveler Day
12,8,National Brownie Day
12,8,Pretend To Be A Time Traveler Day
12,8,Lard Day
12,8,Brownie Day
12,8,National Concha Day
12,9,National Pastry Day
12,9,Christmas Card Day
12,9,Techno Day
12,9,International Day of Veterinary Medicine
12,9,Pastry Day
12,9,International Anti-Corruption Day
12,10,Lager Day
12,10,National Lager Day
12,10,Dewey Decimal System Day
12,10,Jane Addams Day
12,10,Human Rights Day
12,11,Noodle Ring Day
12,11,National Have a Bagel Day
12,11,Lost & Found Day
12,11,National Noodle Ring Day
12,11,Official Lost and Found Day
12,11,Mountain Day
12,11,Have a Bagel Day
12,12,Gingerbread Decorating Day
12,12,Poinsettia Day
12,12,National Poinsettia Day
12,12,Shareware Day
12,12,Gingerbread House Day
12,12,​National Ding-A-Ling Day
12,13,Violin Day
12,13,Hot Cocoa Day
12,13,Worldwide Candle Lighting Day
12,13,National Hot Cocoa Day
12,13,Choral Day
12,14,National Free Shipping Day
12,14,Monkey Day
12,14,Official Lost and Found Day
12,14,Roast Chestnuts Day
12,14,Bouillabaisse Day
12,15,International Tea Day
12,15,Lemon Cupcake Day
12,15,National Cat Herders Day
12,15,National Cupcake Day
12,15,Cat Herders Day
12,16,Chocolate Covered Anything Day
12,16,Day Of Reconciliation
12,16,Pythagorean Theorem Day
12,16,National Green Chili Day
12,16,Chocolate Covered Day
12,17,Re-gifting Day
12,17,Maple Syrup Day
12,17,National Maple Syrup Day
12,17,Wright Brothers Day
12,18,Underdog Day
12,18,Bake Cookies Day
12,18,Roast Suckling Pig Day
12,18,Ugly Christmas Sweater Day
12,18,Ugly Sweater Day
12,18,International Migrants Day
12,18,Arabic Language Day
12,19,Look For An Evergreen Day
12,19,Oatmeal Muffin Day
12,20,Games Day
12,20,Sangria Day
12,20,Operation Santa Paws
12,20,National Sangria Day
12,20,A Blue Christmas
12,20,Go Caroling Day
12,21,Short Girl Appreciation Day
12,21,Ugly Sweater Day
12,21,Ribbon Candy Day
12,21,Look On The Bright Side Day
12,21,Crossword Puzzle Day
12,21,Humbug Day
12,21,National Hamburger Day
12,21,Short Story Day
12,21,Don't Make Your Bed Day
12,21,Flashlight Day
12,21,International Dalek Remembrance Day
12,21,Dalek Remembrance Day
12,22,National Date Nut Bread Day
12,22,Forefathers' Day
12,22,Date Nut Bread Day
12,23,Roots Day
12,23,Festivus
12,24,National Eggnog Day
12,24,Eggnog Day
12,25,Grav Mass Day
12,25,National Pumpkin Pie Day
12,25,A-phabet Day or No L Day
12,25,Pumpkin Pie Day
12,25,"A'phabet Day or No ""L"" Day"
12,26,Candy Cane Day
12,26,A Blue Christmas
12,26,Thank You Note Day
12,27,Make Cut-out Snowflakes Day
12,27,Visit The Zoo Day
12,27,No Interruptions Day
12,27,Fruitcake Day
12,27,National Fruitcake Day
12,28,Card Playing Day
12,29,Tick Tock Day
12,29,Pepper Pot Day
12,30,National Bicarbonate of Soda Day
12,30,Bicarbonate of Soda Day
12,30,Bacon Day
12,31,Champagne Day
12,31,A Blue Christmas
12,31,No Interruptions Day
12,31,National Champagne Day
12,31,Make Up Your Mind Day
